{"f1_diff": [0.0006064276914189426, 0.007341893933967336, -0.01270554328825535, -0.1633974205606542, -0.012195684852643662, 0.00402804183987826, 0.0, -0.045187606682208004, -0.016985378182672872, -0.014427212906829912, -0.008681785967398992, -0.011316502232896375, -0.0026797003094476413, 0.0010459804145694918, 0.012438900644714312, -0.0008745022991737406, -0.052933778046259095, -0.03514062588739797, -0.009931877506844211, -0.005442500622587332, 0.0061751296518745, -0.0287373514033763, -0.019978922813685962, -0.007547234231096267, 0.0006038603062491488, -0.010968485215900436, 0.0024732023328313257, -0.04575615334961114, -0.03930291186341861, -0.01342531432012839], "f1_diff_sorted": [-0.1633974205606542, -0.052933778046259095, -0.04575615334961114, -0.045187606682208004, -0.03930291186341861, -0.03514062588739797, -0.0287373514033763, -0.019978922813685962, -0.016985378182672872, -0.014427212906829912, -0.01342531432012839, -0.01270554328825535, -0.012195684852643662, -0.011316502232896375, -0.010968485215900436, -0.009931877506844211, -0.008681785967398992, -0.007547234231096267, -0.005442500622587332, -0.0026797003094476413, -0.0008745022991737406, 0.0, 0.0006038603062491488, 0.0006064276914189426, 0.0010459804145694918, 0.0024732023328313257, 0.00402804183987826, 0.0061751296518745, 0.007341893933967336, 0.012438900644714312], "sorted_class": ["DCLMRadio", "Mobilis", "Translate", "FindMyPhone", "WashPost", "Outlook", "Shazam", "SleepTracking", "FoursquareCityGuide", "Glide", "Weather", "Citymapper", "DiabetesM", "Krone", "Strava", "PlayStore", "KeepNotes", "SmokingLog", "Running", "Lifesum", "Meduza", "FITIVPlus", "Spotify", "Bring", "MapMyRun", "Telegram", "Endomondo", "SalatTime", "ChinaDaily", "Maps"]}