{"f1_diff": [-0.0015146925174189807, -0.04169004615806404, -0.03937903282799626, -0.30947250280583605, -0.0023913309683208928, -0.07317039853229734, -0.006234461656148382, -0.06520789594220855, -0.01835212427073274, -0.03128151613169472, -0.006837055292111649, -0.041280673127551126, -0.009091644608832383, -0.0018959077092999266, -0.09861967712601727, -0.0011896290382301666, -0.035036028491972404, -0.035260305152093885, -0.025799969006043977, -0.00025378522094188227, -0.0009530975384124396, -0.02693715851168388, -0.025799747023874553, -0.006478946778676553, -0.008110451994145507, -0.018562704549943576, -0.008750716296430983, -0.08237744164124294, -0.113582617188833, -0.018205873798134098], "f1_diff_sorted": [-0.30947250280583605, -0.113582617188833, -0.09861967712601727, -0.08237744164124294, -0.07317039853229734, -0.06520789594220855, -0.04169004615806404, -0.041280673127551126, -0.03937903282799626, -0.035260305152093885, -0.035036028491972404, -0.03128151613169472, -0.02693715851168388, -0.025799969006043977, -0.025799747023874553, -0.018562704549943576, -0.01835212427073274, -0.018205873798134098, -0.009091644608832383, -0.008750716296430983, -0.008110451994145507, -0.006837055292111649, -0.006478946778676553, -0.006234461656148382, -0.0023913309683208928, -0.0018959077092999266, -0.0015146925174189807, -0.0011896290382301666, -0.0009530975384124396, -0.00025378522094188227], "sorted_class": ["DCLMRadio", "WashPost", "Maps", "Translate", "Endomondo", "FindMyPhone", "ChinaDaily", "Krone", "Citymapper", "Outlook", "Mobilis", "Glide", "Shazam", "PlayStore", "SleepTracking", "Strava", "FoursquareCityGuide", "Weather", "Lifesum", "Telegram", "Spotify", "KeepNotes", "SmokingLog", "FITIVPlus", "DiabetesM", "MapMyRun", "Bring", "Meduza", "SalatTime", "Running"]}